{
  "algorithm": "ga_entropy",
  "total_words": 14855,
  "wins": 14794,
  "losses": 61,
  "win_rate": 99.58936385055537,
  "avg_guesses": 4.307842477280377,
  "avg_guesses_won": 4.296539137488171,
  "min_guesses": 2,
  "max_guesses": 6,
  "total_time_sec": 3536.6156405420006,
  "avg_time_ms": 236.2346023460164,
  "distribution": {
    "solved_in_1": 0,
    "solved_in_2": 35,
    "solved_in_3": 1546,
    "solved_in_4": 7842,
    "solved_in_5": 4739,
    "solved_in_6": 632,
    "solved_in_7": 58,
    "solved_in_8": 3
  }
}