{
  "algorithm": "stochastic_hc",
  "total_words": 14855,
  "wins": 14243,
  "losses": 612,
  "win_rate": 95.88017502524403,
  "avg_guesses": 4.568024234264557,
  "avg_guesses_won": 4.4482903882609,
  "min_guesses": 2,
  "max_guesses": 6,
  "total_time_sec": 425.15649050002685,
  "avg_time_ms": 26.879523202651676,
  "distribution": {
    "solved_in_1": 0,
    "solved_in_2": 32,
    "solved_in_3": 1570,
    "solved_in_4": 6198,
    "solved_in_5": 4867,
    "solved_in_6": 1576,
    "solved_in_7": 452,
    "solved_in_8": 116,
    "solved_in_9": 33,
    "solved_in_10": 10,
    "solved_in_11": 0,
    "solved_in_12": 1
  }
}