{
  "algorithm": "ga",
  "total_words": 14855,
  "wins": 14627,
  "losses": 228,
  "win_rate": 98.46516324469874,
  "avg_guesses": 4.382901380006731,
  "avg_guesses_won": 4.339509126956997,
  "min_guesses": 1,
  "max_guesses": 6,
  "total_time_sec": 2043.8651555830002,
  "avg_time_ms": 135.74864840161203,
  "distribution": {
    "solved_in_1": 1,
    "solved_in_2": 31,
    "solved_in_3": 1771,
    "solved_in_4": 7118,
    "solved_in_5": 4610,
    "solved_in_6": 1096,
    "solved_in_7": 196,
    "solved_in_8": 27,
    "solved_in_9": 4,
    "solved_in_10": 1
  }
}