{
  "algorithm": "stochastic_hc",
  "total_words": 14855,
  "wins": 14305,
  "losses": 550,
  "win_rate": 96.29754291484349,
  "avg_guesses": 4.560484685291148,
  "avg_guesses_won": 4.4506815798671795,
  "min_guesses": 2,
  "max_guesses": 6,
  "total_time_sec": 409.0898456660002,
  "avg_time_ms": 25.862734051698563,
  "distribution": {
    "solved_in_1": 0,
    "solved_in_2": 27,
    "solved_in_3": 1564,
    "solved_in_4": 6238,
    "solved_in_5": 4887,
    "solved_in_6": 1589,
    "solved_in_7": 389,
    "solved_in_8": 116,
    "solved_in_9": 31,
    "solved_in_10": 9,
    "solved_in_11": 3,
    "solved_in_12": 0,
    "solved_in_13": 2
  }
}