{
  "algorithm": "sa_entropy",
  "total_words": 14855,
  "wins": 14803,
  "losses": 52,
  "win_rate": 99.64994951194885,
  "avg_guesses": 4.273241332884551,
  "avg_guesses_won": 4.263527663311491,
  "min_guesses": 1,
  "max_guesses": 6,
  "total_time_sec": 5122.219550299997,
  "avg_time_ms": 341.2894314035771,
  "distribution": {
    "solved_in_1": 1,
    "solved_in_2": 42,
    "solved_in_3": 1674,
    "solved_in_4": 8011,
    "solved_in_5": 4488,
    "solved_in_6": 587,
    "solved_in_7": 50,
    "solved_in_8": 2
  }
}